-- phpMyAdmin SQL Dump
-- version 4.0.10deb1
-- http://www.phpmyadmin.net
--
-- Host: localhost
-- Generation Time: Sep 17, 2014 at 04:28 AM
-- Server version: 5.5.38-0ubuntu0.14.04.1
-- PHP Version: 5.5.9-1ubuntu4.4

SET SQL_MODE = "NO_AUTO_VALUE_ON_ZERO";
SET time_zone = "+00:00";


/*!40101 SET @OLD_CHARACTER_SET_CLIENT=@@CHARACTER_SET_CLIENT */;
/*!40101 SET @OLD_CHARACTER_SET_RESULTS=@@CHARACTER_SET_RESULTS */;
/*!40101 SET @OLD_COLLATION_CONNECTION=@@COLLATION_CONNECTION */;
/*!40101 SET NAMES utf8 */;

--
-- Database: `symfony`
--

-- --------------------------------------------------------

--
-- Table structure for table `category`
--

CREATE TABLE IF NOT EXISTS `category` (
  `id` int(11) NOT NULL AUTO_INCREMENT,
  `name_url` varchar(100) COLLATE utf8_unicode_ci NOT NULL,
  `name` varchar(100) COLLATE utf8_unicode_ci NOT NULL,
  `description` text COLLATE utf8_unicode_ci NOT NULL,
  PRIMARY KEY (`id`)
) ENGINE=InnoDB  DEFAULT CHARSET=utf8 COLLATE=utf8_unicode_ci AUTO_INCREMENT=12 ;

--
-- Dumping data for table `category`
--

INSERT INTO `category` (`id`, `name_url`, `name`, `description`) VALUES
(1, 'trains', 'Trains', 'Laborum optio fugiat, hac mus tenetur convallis quas orci quibusdam lacinia. Congue. Fringilla vel arcu, porta dapibus habitant odio aliqua pulvinar suspendisse laborum! Gravida minus ac, eaque ducimus architecto neque, omnis tempus, fuga magnis sunt in! Tellus corrupti sociosqu eius, platea minus lectus consectetur dictum luctus proident habitasse ut fugiat.'),
(2, 'individual-bricks', 'Individual Bricks', 'Leo primis cupiditate mattis congue sodales eos consequatur, officiis irure, anim ex mi quis? Maecenas adipisicing, tenetur libero, laoreet asperiores, pulvinar, pede orci perspiciatis penatibus natus amet dolorem reprehenderit excepteur sequi sapien ornare, mauris tempor, lectus. Erat incididunt porro ullam! Cras ut sagittis proin adipiscing repudiandae. Vivamus laborum. Minus risus.'),
(3, 'key-chaines', 'Key Chains', 'Magnam aute nascetur officia wisi, laboriosam exercitation irure nascetur nonummy, necessitatibus minus voluptatibus, viverra risus nesciunt mi ligula optio magna eum exercitation. Ridiculus tempora scelerisque inventore, ullamco ab! Sollicitudin senectus aut assumenda doloremque doloremque magnam magna hendrerit hymenaeos aliquid donec? Donec diam, potenti maiores! Blandit praesentium turpis ad ante ab.'),
(4, 'product-collections', 'Product Collections', 'Nullam minim, dolore nostrud porta ab mollis quam sem, consequuntur aute eius nulla eros sit assumenda, exercitationem magna culpa diamlorem, imperdiet laborum praesent ex maxime senectus hymenaeos pulvinar, quis ut est ad, felis vulputate omnis egestas potenti, elementum error pretium nunc integer, tellus sed. Aspernatur? Consectetuer quibusdam facere, accusamus similique.'),
(5, 'hard-to-find-items', 'Hard to Find Items', 'Lorem molestiae nonummy turpis excepturi parturient illum quas rutrum aenean integer voluptate! Do molestiae aut repellat quisquam nostrud. Scelerisque aut. Consectetur nec adipiscing maecenas nunc perferendis officiis. Animi eius laborum? Ratione quam rerum voluptatibus tortor illum, excepturi veritatis! Distinctio aut, dictum tenetur facilisis tellus numquam, ipsum ex quibusdam, laudantium deleniti.'),
(6, 'buildings', 'Buildings', 'Cras litora delectus? Temporibus. Tristique tempora vehicula tincidunt fugiat interdum cupidatat ullamcorper, facilisis. Incidunt magna repudiandae at nostrum, alias temporibus, laoreet ligula esse cumque! Ante cupiditate, lobortis repellat, metus magni vehicula curabitur architecto orci cursus tincidunt, pellentesque amet dignissimos tempor sed amet do nihil fuga, animi, interdum dictumst, semper sociis.'),
(7, 'eos-aliquam-qui-ipsum-debitis-beatae-quisquam-ut', 'et', 'Velit eos eius officia ea qui beatae. Similique sunt est officiis facilis quo consectetur. Perspiciatis dolores autem maiores quo temporibus iste. Et autem facilis quia alias.'),
(8, 'dignissimos-maiores-est-autem-nihil', 'unde', 'Explicabo tenetur cum aliquid fugit aut quis ratione. Laboriosam tenetur eum expedita in. Porro autem qui quidem deleniti.'),
(9, 'ullam-consequatur-molestiae-explicabo-blanditiis-quisquam-cumque-voluptatem-nemo', 'nesciunt', 'Cum ad quis ut ipsam natus nobis ipsa molestiae. Ipsam aut et dicta sint. Rem illum cupiditate dolorem unde mollitia magnam sint quia.'),
(10, 'sit-error-molestiae-quod-fugiat-consequuntur-incidunt-ea', 'inventore', 'Sequi qui ea veniam non autem. Ut deserunt nam occaecati qui. Nemo repellat tempore distinctio nemo. Quisquam soluta omnis ab temporibus. Enim minus et ut sed rerum unde similique.'),
(11, 'consequatur-dolorum-delectus-illo-nobis-magnam-omnis-sit', 'asperiores', 'Quos voluptas consequatur eaque esse atque aliquam. Esse a molestiae delectus libero et esse placeat. Eos quam velit sint et velit minima quia quia. Mollitia non est sint sed quo.');

-- --------------------------------------------------------

--
-- Table structure for table `currency`
--

CREATE TABLE IF NOT EXISTS `currency` (
  `id` int(11) NOT NULL AUTO_INCREMENT,
  `name_short` varchar(100) COLLATE utf8_unicode_ci NOT NULL,
  `name` varchar(100) COLLATE utf8_unicode_ci NOT NULL,
  `rate` decimal(10,2) NOT NULL,
  `main` enum('0','1') COLLATE utf8_unicode_ci DEFAULT NULL,
  PRIMARY KEY (`id`)
) ENGINE=InnoDB  DEFAULT CHARSET=utf8 COLLATE=utf8_unicode_ci AUTO_INCREMENT=4 ;

--
-- Dumping data for table `currency`
--

INSERT INTO `currency` (`id`, `name_short`, `name`, `rate`, `main`) VALUES
(1, 'UAH', 'Hryvnia', 1.00, '1'),
(2, 'USD', 'US Dollar', 12.00, '0'),
(3, 'EUR', 'Euro', 16.00, '0');

-- --------------------------------------------------------

--
-- Table structure for table `product`
--

CREATE TABLE IF NOT EXISTS `product` (
  `id` int(11) NOT NULL AUTO_INCREMENT,
  `id_category` int(11) NOT NULL,
  `name_url` varchar(100) COLLATE utf8_unicode_ci NOT NULL,
  `name` varchar(100) COLLATE utf8_unicode_ci NOT NULL,
  `description` longtext COLLATE utf8_unicode_ci NOT NULL,
  `price` decimal(10,2) NOT NULL,
  PRIMARY KEY (`id`),
  KEY `id_category` (`id_category`)
) ENGINE=InnoDB  DEFAULT CHARSET=utf8 COLLATE=utf8_unicode_ci AUTO_INCREMENT=101 ;

--
-- Dumping data for table `product`
--

INSERT INTO `product` (`id`, `id_category`, `name_url`, `name`, `description`, `price`) VALUES
(1, 2, 'my-first-lego-duplo-fire-station', 'My First LEGO® DUPLO® Fire Station', 'Down at the LEGO® DUPLO® Fire Station, the brave firefighters are getting ready to save the day! The mini fire truck is ready to roll when the fire bell rings! Use the ladder, fire axe and fire hose to help put out the blaze! DUPLO bricks, figures and elements are colorful, safe and sturdy for little hands and big imaginations.', 150.00),
(2, 2, 'fire-and-rescue-team', 'Fire and Rescue Team', 'Join Dusty and his friends from Disney Planes: Fire and Rescue for exciting new adventures! The forest is on fire and Dusty, Blade Ranger and Drip must do everything they can to put it out. Fill up at the water station, then help Dusty and Blade extinguish the flames with the water bricks. Your child will love creating endless action-packed role play with this easy-to-build LEGO® DUPLO® set featuring familiar characters from the Disney Planes: Fire and Rescue animated movie.', 300.00),
(3, 3, 'quo-nulla-quia-ullam-molestiae-velit-eius', 'Fundamental human-resource strategy', 'Molestiae et non aut omnis. Inventore iste tenetur quasi totam non et. Consectetur est dolor qui ea earum et. Dolorem recusandae officiis non non voluptatem suscipit recusandae.', 105.02),
(4, 1, 'similique-accusantium-et-architecto-quibusdam-voluptatum-sapiente', 'Secured 4thgeneration solution', 'Est est ducimus nam corporis error ab et. Sunt nulla non aut ipsa nam vel labore. Et culpa voluptas quidem et. Numquam voluptas tempora saepe est nostrum.', 427.22),
(5, 2, 'hic-blanditiis-recusandae-possimus-occaecati', 'User-centric tangible moratorium', 'Quia dolorum et nam odit ducimus. Amet dolorum animi illo enim voluptate. Velit quas accusantium hic corrupti. Voluptas suscipit non quia omnis dignissimos ratione ut.', 126.92),
(6, 8, 'dicta-voluptatem-blanditiis-voluptatem-aut-quod', 'Sharable intangible encoding', 'Itaque alias ut commodi est deserunt quasi aut et. Ad non quos qui. Tempore reprehenderit sed sed velit. Corrupti rerum commodi itaque alias.', 367.49),
(7, 1, 'nesciunt-voluptatem-nulla-et-voluptas-doloribus', 'Proactive multimedia frame', 'Dolor magnam ipsum eveniet at dolores. Est ad alias veniam dolor illo distinctio. In cum et aliquam.', 304.98),
(8, 10, 'incidunt-optio-laborum-natus-velit-saepe', 'Upgradable logistical projection', 'Non commodi cupiditate dolor itaque doloremque. Dolorem optio nisi in magni sit. Non consectetur aut sit assumenda iure vero quos.', 187.95),
(9, 4, 'nihil-molestias-omnis-nihil-aut-atque-beatae', 'Synergized upward-trending processimprovement', 'Rerum quas laboriosam vel autem. Soluta expedita voluptatibus dicta corporis odio pariatur.', 281.85),
(10, 9, 'corporis-non-et-ipsa-totam-et-nam', 'Fundamental attitude-oriented localareanetwork', 'Quo magnam dolor magni cupiditate repellendus nam modi. Quasi aperiam ut omnis accusantium eaque qui autem. Possimus consequatur eos saepe in. Quibusdam totam veniam modi officia at aut maiores in.', 342.52),
(11, 2, 'aliquid-velit-consectetur-sunt-voluptas', 'Down-sized client-driven product', 'Delectus repellat beatae consequatur. Soluta ratione quod velit quia eos. Quos aliquam nesciunt ab et alias.', 145.36),
(12, 4, 'iure-quo-ut-aut', 'Digitized human-resource concept', 'Natus vero et pariatur blanditiis quisquam. Rerum consequatur dolores ducimus fuga ipsum tenetur. Voluptas quisquam fugiat numquam. Dolorem alias quia error illo.', 295.14),
(13, 7, 'sequi-in-vitae-dignissimos-est-facilis', 'Seamless zerotolerance processimprovement', 'Expedita iusto et aut et esse eaque. Rem quisquam et porro aut. Architecto impedit quo sed asperiores corporis eligendi sed. Quisquam quibusdam qui et voluptas sint.', 237.43),
(14, 8, 'tenetur-ut-dignissimos-soluta-perferendis-et', 'Optional stable protocol', 'Officiis nulla voluptatem quasi fugit nihil ipsa velit est. Cumque soluta assumenda accusamus tempore dolore. Officiis dignissimos distinctio odit id.', 415.24),
(15, 9, 'ut-quia-sit-non', 'Versatile web-enabled hub', 'Labore nulla nobis et quia sunt cupiditate officiis reprehenderit. Est voluptatum nam veniam rem dolorem vitae. Provident placeat ea non iusto.', 280.65),
(16, 9, 'ab-qui-et-officia-saepe-iusto', 'Secured context-sensitive matrix', 'Eum voluptatem nihil et unde id quasi. Sit labore inventore excepturi porro minima aliquid nisi. Libero explicabo recusandae dolorem omnis nisi neque.', 412.24),
(17, 4, 'optio-assumenda-fugiat-accusamus-corrupti', 'Upgradable optimizing application', 'Repellat modi tempore expedita quo debitis autem sit ipsum. Ut ex exercitationem facilis dolorum molestiae eveniet eos pariatur. Id hic error natus quis est.', 72.44),
(18, 4, 'mollitia-earum-nesciunt-eveniet', 'Expanded nextgeneration application', 'Id magni et recusandae assumenda pariatur vel quo. Rerum earum ducimus odit cumque quos est et dignissimos. Soluta vitae atque dolores quod autem. Nesciunt vel qui sit porro.', 334.71),
(19, 10, 'unde-quos-nostrum-nemo-et', 'Extended 24/7 pricingstructure', 'Facilis sint qui vitae eum. Porro tempora rerum dolorem. Voluptas architecto laudantium molestiae omnis repellat. Sit perspiciatis occaecati voluptatum at velit quidem accusamus sit.', 493.23),
(20, 11, 'assumenda-illum-repellendus-est-quidem-ex-sit', 'De-engineered interactive neural-net', 'Est et recusandae sunt aperiam fugit. Deserunt aut voluptas officia modi in optio. Recusandae tenetur doloribus odit et.', 440.03),
(21, 8, 'aut-optio-tempora-est-deserunt-molestiae-consequatur-consequatur', 'Secured holistic knowledgebase', 'Harum quo beatae doloribus iste. Rem illo provident quia modi voluptatem nihil excepturi. Aliquam expedita non facilis sint a. Voluptatem eaque quam maiores animi iste et dignissimos.', 88.54),
(22, 11, 'a-aliquid-non-perspiciatis-explicabo-ut-vel', 'Progressive explicit support', 'Reiciendis omnis consequatur non est. Labore neque consectetur aut provident accusantium expedita. Aspernatur dolorum architecto quo magni sequi numquam velit.', 152.58),
(23, 4, 'pariatur-soluta-in-voluptatem-tempore-dolorem-accusantium', 'Programmable non-volatile application', 'Ipsam voluptatem officiis deserunt eum. Quia ad voluptatem ullam. Fugit eos est voluptatum itaque. Distinctio impedit at sint sint officiis.', 433.16),
(24, 4, 'earum-laborum-et-corporis', 'Down-sized client-server framework', 'Est ut quo et similique ipsum fugit vitae. Eligendi dolorem quidem dolores veritatis iure beatae facilis.', 250.01),
(25, 10, 'a-laborum-voluptatem-repellat-voluptatem-et-eum-quos', 'Multi-lateral clear-thinking neural-net', 'Ipsam est dolor aut sit assumenda repellendus aut. Voluptas quisquam et culpa. Error aut autem dolorem debitis ut enim sunt. Natus molestiae eligendi enim non exercitationem.', 273.68),
(26, 7, 'laborum-qui-voluptas-maxime-sed-in-rem', 'Open-source content-based success', 'Facilis doloribus velit autem quos voluptatem. Est quis dignissimos distinctio velit impedit consectetur praesentium autem. Sit quam deserunt ad.', 372.13),
(27, 9, 'enim-architecto-rerum-suscipit-non-maiores-qui-quas', 'Open-source human-resource encryption', 'Magnam inventore consequatur aliquam debitis. Et et reprehenderit sequi voluptatibus sunt nobis repudiandae. A et veritatis esse et. Consectetur praesentium sint voluptatem est et aperiam.', 294.04),
(28, 10, 'doloremque-quia-odio-dolorum-consequuntur-repellat', 'Intuitive impactful leverage', 'Est ut magnam velit incidunt. Rerum dignissimos rerum tenetur assumenda quia. Et non consequuntur est sed.', 277.13),
(29, 1, 'quo-qui-ex-rerum-ut', 'Enterprise-wide zerotolerance archive', 'Tempora architecto non vel. Explicabo iure facere nisi dolorem unde id. Earum ipsa velit perferendis pariatur qui.', 140.85),
(30, 7, 'delectus-perspiciatis-neque-aliquam-voluptas-temporibus-harum-at', 'Devolved intangible functionalities', 'Quis dolores sapiente fugiat at. Ad provident explicabo doloribus mollitia est. Culpa deserunt sequi ratione consequatur quo.', 95.32),
(31, 7, 'velit-deleniti-dolorem-nisi-ut-beatae', 'Realigned context-sensitive structure', 'Nulla ullam et earum quis. Beatae facere at velit aut. Quis odit magnam sint quis.', 432.63),
(32, 7, 'et-maxime-est-voluptas-aut-ea-autem-consequatur', 'Pre-emptive uniform support', 'Architecto eveniet sequi sequi cumque. Voluptatem dolore beatae et numquam. Dolorem et velit consequuntur eveniet. Dicta et saepe nisi.', 257.88),
(33, 1, 'saepe-non-et-asperiores-consequatur-perspiciatis-unde-dolor-nam', 'Cross-platform regional application', 'Aut iure non porro nisi esse voluptas enim. Eius impedit ut quo repellat. Doloribus est voluptate et. Odio recusandae qui labore a et sed numquam voluptatibus.', 234.31),
(34, 4, 'enim-dolore-ut-et-dolor-sunt', 'Polarised value-added leverage', 'Molestias aut quo similique pariatur enim est. Fugit ut voluptatem labore aut natus et. Ad impedit iusto beatae est error officia ratione. Ad exercitationem adipisci eligendi ut ipsa.', 217.40),
(35, 10, 'tempore-voluptatem-unde-et-veritatis', 'Re-engineered homogeneous array', 'Quia occaecati corporis id repellat officiis libero expedita. Velit distinctio ea quae et eligendi qui quas nesciunt. Sed id quam voluptatem deleniti est ut dolor.', 449.41),
(36, 4, 'dolores-velit-eius-veniam-ducimus-autem-dolorem', 'Mandatory 24/7 ability', 'Voluptates sunt rem quisquam accusantium beatae. Non illum et et quia. Cum omnis tempora consequuntur voluptates.', 422.02),
(37, 11, 'voluptates-deserunt-illo-perspiciatis-porro-iste-illo-velit', 'Customer-focused analyzing help-desk', 'Optio fuga vel qui ut consequatur. Accusamus est alias error in nihil ducimus. Nostrum nihil molestiae sed dolorem dicta autem nemo.', 121.43),
(38, 11, 'qui-deleniti-officia-sapiente', 'Object-based intangible ability', 'Saepe placeat et itaque occaecati sint. Ad neque fugiat rerum omnis. Cum hic ipsa delectus quam quae iste inventore.', 63.18),
(39, 11, 'eos-neque-delectus-voluptas-autem-temporibus', 'Visionary explicit analyzer', 'Mollitia nulla soluta libero magnam totam eos praesentium. Neque qui dolorem sed minima sit. Corporis voluptatem nihil nulla non eveniet. Inventore sapiente voluptatem eveniet nesciunt sit.', 90.91),
(40, 2, 'similique-neque-nulla-error-in-voluptates', 'Intuitive empowering algorithm', 'Ea est et quod est. Et numquam sed minima adipisci deleniti quam. Laboriosam amet non et vero eius voluptatum. Ipsa non corporis itaque.', 287.18),
(41, 10, 'ut-asperiores-perspiciatis-odit-id-molestiae-dolores-consequuntur-provident', 'Assimilated tertiary middleware', 'Sed tempora nemo rerum iusto. Assumenda soluta ut ab quia aut.', 321.67),
(42, 7, 'aliquam-excepturi-debitis-in-sed-enim', 'Implemented actuating neural-net', 'Dolorem officiis nihil vitae eaque et. Est odit recusandae placeat quo inventore. Quae in officiis repudiandae eveniet dolores id recusandae. Consequatur vitae et tempore eligendi cupiditate.', 436.97),
(43, 2, 'unde-alias-ad-exercitationem-assumenda-culpa-aliquid-aut', 'Advanced impactful protocol', 'Quam aut incidunt sed optio ut vero. Fugit fugiat hic amet est in quae. Et autem molestias sapiente adipisci. Omnis ipsum suscipit perspiciatis est ut.', 482.85),
(44, 6, 'est-sed-sint-neque-qui-consequatur-nemo-fugit', 'User-friendly exuding model', 'Recusandae blanditiis laborum temporibus et. Quis ut atque voluptatem nulla natus sint at. Qui est ut eaque soluta reprehenderit eligendi ea. Officiis qui aut enim et quaerat.', 105.35),
(45, 4, 'aut-ducimus-voluptates-soluta-nihil-et-asperiores-minima', 'Automated web-enabled paradigm', 'Iusto eaque libero ab cumque. Eos distinctio distinctio recusandae eos nam aliquam. Rerum rem sapiente nihil aut. At voluptatem nisi rerum earum praesentium.', 294.65),
(46, 5, 'quia-quibusdam-velit-rerum-dolorem-ipsa-autem-porro', 'Cloned multimedia array', 'Velit porro accusantium eaque. Enim nostrum iusto sed. Porro facilis quidem quasi.\nEt quia aspernatur recusandae magni dolores. Deserunt magni quo omnis repellendus.', 414.27),
(47, 8, 'error-at-aut-omnis-repellat-et-cupiditate-incidunt', 'Open-source coherent GraphicalUserInterface', 'Accusantium ipsum optio esse et modi ratione. Et excepturi temporibus minus nam quidem non et. Atque consequuntur sequi incidunt et odit ut. Illum eos possimus nihil.', 248.17),
(48, 8, 'mollitia-rerum-mollitia-quam-quis-neque-quia', 'Vision-oriented motivating data-warehouse', 'Dolores velit eius assumenda quo aspernatur est. Officia aut dolorem eligendi laboriosam sit voluptatum blanditiis. Enim ipsam et ullam. Id quas sequi magni totam excepturi quis quasi.', 113.30),
(49, 3, 'autem-eos-voluptatem-distinctio-quas', 'Cloned encompassing task-force', 'Enim repellendus odio vitae nihil. Similique adipisci magnam odio odio natus. Animi molestiae voluptas eos perspiciatis et. Velit in est et.', 279.46),
(50, 10, 'voluptatem-ut-quasi-expedita-et-officiis', 'Inverse empowering middleware', 'Ut temporibus maiores possimus nesciunt ratione. Mollitia molestiae enim harum repellat.', 308.62),
(51, 4, 'voluptates-commodi-repudiandae-doloremque-nisi', 'Reverse-engineered executive superstructure', 'Delectus harum eum est unde est totam. Nesciunt ab labore adipisci sunt sed explicabo iste. Voluptatem amet nihil qui quia dolorem repellendus. Alias itaque voluptates non velit voluptatem ea.', 60.09),
(52, 6, 'voluptatibus-veniam-ipsam-soluta-necessitatibus-sed-qui-incidunt', 'Profound motivating hierarchy', 'Dignissimos ut consequatur nam sed. Vero alias id enim esse fuga voluptatibus. Porro voluptates rerum asperiores architecto est.', 270.52),
(53, 10, 'vel-iure-sed-quaerat-aut-veritatis-blanditiis', 'Team-oriented zeroadministration software', 'Veniam corrupti atque ut dolore nihil. Inventore labore odio distinctio laborum est maiores aperiam. Animi dolore sunt corrupti quia voluptate nobis eum.', 347.45),
(54, 11, 'fugiat-rerum-a-sed-modi', 'Diverse object-oriented flexibility', 'Ullam quod molestias voluptatum quo molestiae consequatur cupiditate suscipit. Non eius non sit doloremque et. Voluptatibus aut nemo natus autem est itaque accusantium.', 422.01),
(55, 2, 'odit-eligendi-similique-est-sed', 'Right-sized responsive interface', 'Veritatis impedit dolorum itaque qui. Qui est tempore qui reprehenderit nulla quis ut ut. Possimus quia molestiae tenetur illo.', 226.82),
(56, 2, 'vero-iure-adipisci-non-dolore-et-ex-eos', 'Secured zerotolerance utilisation', 'Ut nesciunt repudiandae dolorum consequatur debitis enim harum. Consequatur voluptate illum eos tempora. Porro voluptatem eos at in excepturi est quisquam.', 443.37),
(57, 7, 'et-provident-alias-sit-delectus-commodi-nostrum-ullam', 'Down-sized actuating utilisation', 'Et nemo quia ab quia magni totam. Et quidem et et quia voluptas. Placeat quam animi fuga enim beatae nihil. Iure omnis non esse praesentium nihil molestias consequuntur.', 428.56),
(58, 6, 'qui-in-repudiandae-non', 'Team-oriented national model', 'Harum ratione est iure sequi laborum. Nihil eum ut accusamus enim eum quia. In quas unde aliquam illo vero.', 206.27),
(59, 7, 'eos-est-voluptates-ipsum-commodi-est-amet-voluptas', 'Persevering nextgeneration installation', 'Facilis consequuntur et sit ipsum. Quisquam consectetur corrupti ab vel. Et aut veritatis quas quia. Cum aut mollitia repellendus alias dolor.', 169.65),
(60, 8, 'assumenda-alias-illo-vel-veniam', 'Customer-focused maximized extranet', 'Aut officia rerum ut rerum accusantium. Doloribus vitae praesentium qui autem odio et. Quis reprehenderit laudantium vero sit rerum et.', 96.66),
(61, 11, 'itaque-consequatur-vero-mollitia-a-neque', 'Networked bifurcated infrastructure', 'Ipsa dolorem reiciendis adipisci ex perferendis. Quis at sunt et qui natus veritatis possimus. Asperiores voluptate dicta dolore corrupti et.', 191.70),
(62, 6, 'deserunt-aut-quo-nesciunt', 'Decentralized didactic instructionset', 'Necessitatibus ratione ut hic laborum. Eaque est modi quod harum odit vel.', 120.95),
(63, 2, 'nulla-odio-ut-cupiditate-consectetur-officia-et', 'Down-sized human-resource emulation', 'Omnis impedit excepturi error totam sequi impedit est. Est saepe voluptas numquam et ut. Sunt facere eius iure quis.', 109.53),
(64, 7, 'et-consequatur-blanditiis-ipsa-ratione-velit-omnis', 'Fully-configurable coherent instructionset', 'Repellat consequatur non dignissimos laudantium fuga quaerat labore omnis. Minima deleniti mollitia ipsa. Magni dolor fugiat neque excepturi.', 124.25),
(65, 9, 'vel-labore-iure-labore', 'Organic actuating core', 'Dolor ullam veritatis et voluptatem praesentium est vero. Vero quos expedita consequatur neque. Quaerat tempora sed tenetur exercitationem et nobis. Minus placeat iusto error et.', 374.67),
(66, 5, 'dolor-sint-assumenda-ducimus-qui', 'Open-source responsive access', 'Vero soluta accusantium ab voluptatem minima ea fugit. Enim eos rem aut rerum laudantium. Quia quidem fugiat et dolorum. Natus vel non molestiae. Provident et autem voluptas rerum maiores et.', 467.74),
(67, 9, 'consequatur-eum-neque-odit-libero-possimus', 'Pre-emptive mission-critical opensystem', 'Autem sapiente sed aut repellat eum provident temporibus consectetur. Molestiae aut debitis tempora error. Saepe minus eaque nesciunt quia molestiae unde.', 476.09),
(68, 5, 'cupiditate-eaque-nisi-quidem-inventore-excepturi-quae-quae-maiores', 'Proactive encompassing product', 'Itaque dolorem voluptates unde quo et id. Debitis ut debitis qui cum. Non nisi et nisi tempora nam eveniet.', 277.47),
(69, 5, 'perspiciatis-veritatis-qui-in-et-voluptatem', 'Persistent impactful ability', 'Sunt nihil incidunt magnam ut. Est placeat earum hic consequatur qui aut ut et. Deserunt ullam illo qui minima consequuntur cumque. Ab rem est beatae cumque asperiores id.', 65.22),
(70, 11, 'itaque-quis-unde-dolorem-velit-eveniet-corporis-iusto', 'Extended actuating firmware', 'Ad cupiditate deserunt sit quibusdam. Quo animi aspernatur sunt aut molestias alias aut molestias. Earum labore cumque tempore nihil consequuntur.', 413.17),
(71, 9, 'labore-culpa-et-doloribus-praesentium-et-voluptas', 'Multi-channelled bi-directional artificialintelligence', 'Ut est rem labore culpa temporibus. Nostrum facilis et officiis quae harum id iure. Quo soluta odio quidem ut architecto at. Mollitia aspernatur vel optio.', 118.13),
(72, 4, 'incidunt-qui-sapiente-aut-ut', 'Right-sized actuating capability', 'Assumenda ea laborum aut asperiores nam libero blanditiis. Quibusdam optio accusamus doloribus cumque expedita voluptate amet. Est tenetur dolores deserunt illo autem incidunt. Ad qui non facere.', 51.47),
(73, 10, 'repellat-vitae-quidem-omnis-soluta-accusamus', 'Configurable reciprocal attitude', 'Id ea repellendus deserunt laborum consequatur. Ut ut asperiores sit aut consectetur eos. Velit laboriosam excepturi similique corrupti quis. Ex tempora voluptas amet rerum et ut.', 364.69),
(74, 9, 'temporibus-neque-omnis-necessitatibus-sit-doloribus-delectus', 'Re-contextualized 4thgeneration function', 'Eos occaecati autem illo quasi. Et ut magni quas itaque. Quas eveniet expedita rerum ad. Et illo numquam aut recusandae. Earum dignissimos eum autem dicta consectetur quasi sed.', 220.99),
(75, 10, 'culpa-tempore-vitae-ut-sit', 'Optimized encompassing circuit', 'Fugit aut recusandae nemo voluptatem nobis fugit. Consequatur eos omnis eos aut ex. Quibusdam quod impedit cum. Fugiat accusantium veritatis consequatur accusamus odit animi iusto.', 440.97),
(76, 9, 'consectetur-quia-et-quam-rerum-quis-vero-vero', 'Sharable contextually-based architecture', 'Repellat repellat fuga est. Quasi et quidem asperiores voluptas distinctio voluptas illo. Expedita totam voluptas repellat.', 490.61),
(77, 1, 'rerum-unde-consequatur-corrupti-non-in-ut', 'Assimilated methodical securedline', 'Voluptas aliquid quo consequatur nobis. Quis vel repellat nemo accusantium. Nostrum eos nulla eveniet harum quia tempora.', 62.36),
(78, 11, 'in-voluptatum-ratione-reprehenderit-ut', 'Future-proofed static superstructure', 'Nobis ut ullam vero dolores et qui. Hic eligendi eligendi sapiente et magnam maiores iusto. Voluptate beatae dolorem consectetur omnis repellendus. Accusamus sunt enim reiciendis sed.', 329.68),
(79, 7, 'doloribus-sit-quisquam-omnis', 'Robust real-time conglomeration', 'Ipsa sint sed aperiam quod. Fugiat voluptatibus accusamus et neque ut aut. Doloribus in id aut voluptatem.', 132.75),
(80, 6, 'voluptas-eum-ex-est-officiis-quo-odit-sit-doloribus', 'Polarised radical installation', 'Quia totam pariatur quod ab. Sit aliquam molestias optio soluta et sapiente.', 204.32),
(81, 3, 'dolore-suscipit-est-voluptatem-ut', 'Customer-focused demand-driven structure', 'Impedit sed facere soluta. Est quia sed voluptatem natus. Doloremque quo quasi facilis quis. Maxime dolores magnam sit velit.', 414.23),
(82, 2, 'nihil-consequatur-soluta-eaque-est-atque-voluptatum-ipsam', 'Digitized contextually-based solution', 'Odio debitis et possimus nihil cumque. Molestiae est necessitatibus temporibus. Ea suscipit voluptates distinctio consequatur eos nisi consequuntur dolorem.', 200.79),
(83, 3, 'dolores-recusandae-ut-ratione-occaecati-voluptas-repellendus-a', 'Assimilated non-volatile definition', 'Dignissimos dolor ut omnis dolorem. Tempore nemo vel eum. Expedita voluptatum voluptates cum eos eaque. Officiis et ipsam et nemo sit.', 68.07),
(84, 9, 'quia-suscipit-et-corporis', 'Streamlined systematic processimprovement', 'Quisquam animi incidunt voluptas nisi. Eveniet commodi quo sed. Totam ut aliquid molestiae necessitatibus nobis aut animi aliquid.', 194.19),
(85, 10, 'libero-asperiores-qui-ipsum-molestiae-molestiae-inventore-tempora', 'Persevering actuating knowledgebase', 'Tenetur numquam ab in aut quam omnis quos. Magnam fugiat est est reiciendis cupiditate.', 197.63),
(86, 4, 'tempora-qui-labore-voluptates-sunt-nulla-incidunt-itaque', 'User-friendly demand-driven hierarchy', 'Est nobis hic animi. Delectus dolorum deleniti quasi dolorum qui. Deleniti laborum laboriosam sint nisi quia.', 106.51),
(87, 9, 'cupiditate-labore-consequatur-alias-est-voluptas-quisquam-ut', 'Up-sized well-modulated circuit', 'Nostrum qui cum praesentium delectus consequuntur fugiat fuga. Officia consequatur delectus quia cupiditate et. Facilis modi sit quia natus magnam. Quasi distinctio dolores explicabo qui ut.', 183.71),
(88, 2, 'perspiciatis-iste-nemo-quo-id-quia-sapiente-dolore-quo', 'Upgradable stable algorithm', 'Ratione veritatis exercitationem qui nemo aliquid aspernatur et. Expedita officiis ipsum necessitatibus iure dolorem vel incidunt. Dolor et et vel consequatur.', 338.15),
(89, 11, 'quia-optio-a-illum-magnam-eveniet-aliquid-repudiandae-placeat', 'Triple-buffered object-oriented pricingstructure', 'Aut rerum illum et in sed. Autem eos quia et provident. Dolorum aut quo animi non est.', 149.44),
(90, 2, 'sunt-tenetur-saepe-doloribus-esse-aut-officia-nobis', 'Quality-focused even-keeled alliance', 'Qui expedita et consectetur tenetur nihil odit velit sunt. Dignissimos odio corrupti iusto qui. Et aliquid dolorem ullam necessitatibus earum dolores.', 297.73),
(91, 11, 'iusto-non-ea-qui-quas-eos-id-quia', 'Facetoface multimedia groupware', 'Voluptas voluptates aut et molestiae. Sequi qui consectetur at consequatur corrupti dolores. Dignissimos temporibus consequuntur est praesentium. Velit qui voluptas quisquam.', 255.05),
(92, 6, 'quos-sit-omnis-aut', 'Exclusive grid-enabled help-desk', 'Voluptas debitis autem quia reiciendis. Maxime ea ex maiores harum alias. Dicta cupiditate magnam expedita. Inventore aut labore molestiae assumenda.', 349.75),
(93, 7, 'rerum-mollitia-ea-quis-optio-saepe-et', 'User-centric bandwidth-monitored task-force', 'Molestias doloremque quasi enim expedita voluptatem ullam voluptatem. Quibusdam cupiditate qui qui. Adipisci deleniti laboriosam qui ullam architecto harum. Officiis dolorum omnis assumenda odit qui.', 399.50),
(94, 5, 'veritatis-enim-nemo-ea', 'User-friendly 3rdgeneration functionalities', 'Cumque explicabo aut id ea. Ex et consectetur sint rerum voluptatem. Est quisquam necessitatibus repellat nihil consequatur.', 176.24),
(95, 10, 'fugiat-molestias-architecto-et', 'Fully-configurable disintermediate conglomeration', 'Recusandae est porro provident debitis consequuntur. Sequi eveniet rerum et. Iste libero eveniet officiis sed. Qui commodi est quae aut et.', 271.73),
(96, 10, 'perspiciatis-velit-doloremque-repudiandae-est-deserunt-deleniti-error', 'Upgradable disintermediate function', 'Ut possimus sit placeat soluta autem culpa et. Iure voluptatibus rerum voluptatem nostrum et. Autem sit corrupti et sapiente reiciendis quia.', 324.48),
(97, 9, 'commodi-saepe-distinctio-perferendis-unde', 'Integrated composite groupware', 'Consectetur laudantium aut ipsa rerum. Perferendis sit delectus vero culpa explicabo. Eveniet dolore perspiciatis aliquam architecto.', 138.85),
(98, 10, 'voluptas-sint-dolorem-sint-soluta', 'Function-based demand-driven strategy', 'Reiciendis accusantium animi vero delectus occaecati minus. Dicta aut asperiores sunt dignissimos ea. Maiores possimus saepe quidem sint harum quidem aut. Dolorem et aut et dolorum.', 172.49),
(99, 9, 'et-mollitia-sunt-alias-et', 'Profit-focused disintermediate data-warehouse', 'Qui ducimus autem est similique omnis. Dicta aspernatur omnis magni quos distinctio. Officia et velit asperiores.', 312.72),
(100, 10, 'officiis-est-molestias-reiciendis-autem', 'Sharable fresh-thinking parallelism', 'Est id nesciunt cumque pariatur quo illo quo eos. Omnis incidunt rerum fugiat sint. Tempore aut quasi atque mollitia. Est quidem dolores quo dolorem.', 366.53);

-- --------------------------------------------------------

--
-- Table structure for table `product_attributes`
--

CREATE TABLE IF NOT EXISTS `product_attributes` (
  `id` int(11) NOT NULL AUTO_INCREMENT,
  `id_product` int(11) NOT NULL,
  `pkey` varchar(255) COLLATE utf8_unicode_ci NOT NULL,
  `pvalue` varchar(255) COLLATE utf8_unicode_ci NOT NULL,
  PRIMARY KEY (`id`),
  KEY `id_product` (`id_product`)
) ENGINE=InnoDB  DEFAULT CHARSET=utf8 COLLATE=utf8_unicode_ci AUTO_INCREMENT=301 ;

--
-- Dumping data for table `product_attributes`
--

INSERT INTO `product_attributes` (`id`, `id_product`, `pkey`, `pvalue`) VALUES
(1, 63, 'Ages', 'Adipisci illo quisquam officia.'),
(2, 2, 'Pieces', 'Officiis corporis quae.'),
(3, 62, 'Size', 'Ut sunt aut.'),
(4, 33, 'Color', 'Voluptatem libero repellat amet.'),
(5, 2, 'Ages', 'Tempora voluptas fuga iure sequi.'),
(6, 52, 'Material', 'Aut sint vel facere.'),
(7, 56, 'Material', 'Dolore et officiis ut.'),
(8, 40, 'Material', 'Voluptatibus voluptas quaerat dicta.'),
(9, 42, 'Pieces', 'Non qui exercitationem eaque.'),
(10, 70, 'Color', 'Sunt aut explicabo occaecati.'),
(11, 49, 'Color', 'Quo ex labore molestias.'),
(12, 61, 'Ages', 'Aut sunt neque culpa.'),
(13, 36, 'Size', 'Excepturi et esse dignissimos.'),
(14, 88, 'Color', 'Cupiditate voluptas sunt.'),
(15, 38, 'Material', 'Nemo sequi commodi.'),
(16, 89, 'Pieces', 'Dolore qui est eos perspiciatis.'),
(17, 55, 'Material', 'Est expedita ducimus.'),
(18, 8, 'Material', 'Reprehenderit aut eos.'),
(19, 87, 'Size', 'Quibusdam ut quia.'),
(20, 55, 'Size', 'Ipsum et numquam.'),
(21, 74, 'Ages', 'Optio non odio.'),
(22, 25, 'Pieces', 'Quisquam et.'),
(23, 73, 'Size', 'Rerum adipisci omnis.'),
(24, 66, 'Size', 'Est non molestiae similique.'),
(25, 96, 'Color', 'Ipsam doloremque quaerat dolor.'),
(26, 49, 'Material', 'Rerum totam dolor non.'),
(27, 98, 'Ages', 'Temporibus expedita distinctio et.'),
(28, 8, 'Size', 'Et dolorum et.'),
(29, 28, 'Color', 'Quis sit cupiditate corporis sit.'),
(30, 68, 'Size', 'Dolores mollitia autem.'),
(31, 75, 'Size', 'Distinctio repellendus iure.'),
(32, 99, 'Color', 'Veniam ad non.'),
(33, 60, 'Material', 'Modi molestiae minus.'),
(34, 10, 'Ages', 'Velit voluptatem.'),
(35, 13, 'Material', 'Rem quis autem aut ut.'),
(36, 92, 'Pieces', 'Et ipsa laboriosam.'),
(37, 5, 'Ages', 'Id esse commodi.'),
(38, 68, 'Material', 'Quod totam ut voluptate.'),
(39, 55, 'Size', 'Ad sint maiores.'),
(40, 75, 'Ages', 'Iusto officiis quibusdam.'),
(41, 66, 'Material', 'Iure id eius voluptates.'),
(42, 45, 'Color', 'Consectetur et.'),
(43, 63, 'Pieces', 'Voluptatum minus est.'),
(44, 35, 'Material', 'Corporis minus aperiam odio.'),
(45, 14, 'Pieces', 'Quia magnam molestiae impedit.'),
(46, 79, 'Color', 'Est laborum omnis ea.'),
(47, 16, 'Color', 'Rerum eveniet et molestiae.'),
(48, 63, 'Material', 'Aut mollitia enim explicabo.'),
(49, 86, 'Material', 'Pariatur est voluptatem ex.'),
(50, 88, 'Color', 'Soluta et dolores corrupti.'),
(51, 24, 'Size', 'Sit corrupti accusantium.'),
(52, 14, 'Ages', 'Est aut sit.'),
(53, 15, 'Color', 'Et enim aut quo.'),
(54, 54, 'Material', 'Praesentium sed autem velit.'),
(55, 82, 'Size', 'A cumque molestiae debitis.'),
(56, 70, 'Ages', 'Sequi aliquam nobis nemo.'),
(57, 60, 'Color', 'Exercitationem nihil asperiores et.'),
(58, 36, 'Size', 'Et vitae quia.'),
(59, 72, 'Color', 'Et qui id.'),
(60, 65, 'Pieces', 'Veniam dignissimos qui qui.'),
(61, 13, 'Pieces', 'Perferendis laborum soluta deleniti qui.'),
(62, 67, 'Pieces', 'Dolorum in et.'),
(63, 78, 'Pieces', 'Consequatur quod aut non.'),
(64, 2, 'Color', 'Et quo consequatur delectus.'),
(65, 11, 'Color', 'Aut ratione voluptas odit.'),
(66, 96, 'Size', 'Iste velit provident ea accusamus.'),
(67, 93, 'Color', 'Incidunt aut odit eligendi voluptatibus.'),
(68, 92, 'Color', 'Necessitatibus similique qui.'),
(69, 48, 'Material', 'Molestias eligendi recusandae.'),
(70, 42, 'Color', 'Officia qui alias.'),
(71, 72, 'Size', 'Qui voluptas et.'),
(72, 85, 'Color', 'Perspiciatis optio laboriosam.'),
(73, 47, 'Color', 'Tempore aliquam tenetur officia.'),
(74, 64, 'Size', 'Non quam suscipit enim.'),
(75, 66, 'Ages', 'Veniam similique molestiae qui.'),
(76, 8, 'Material', 'Totam facere.'),
(77, 90, 'Pieces', 'Ipsa illum.'),
(78, 1, 'Material', 'Odit esse eligendi.'),
(79, 40, 'Color', 'Veniam asperiores nesciunt error.'),
(80, 69, 'Ages', 'Facilis est rerum.'),
(81, 90, 'Ages', 'Quo ut est sit.'),
(82, 13, 'Material', 'Ut voluptas ad amet temporibus.'),
(83, 81, 'Pieces', 'Cupiditate enim placeat eaque.'),
(84, 74, 'Ages', 'Nemo blanditiis.'),
(85, 35, 'Material', 'Et qui ratione.'),
(86, 64, 'Material', 'Iure numquam.'),
(87, 70, 'Ages', 'Dolor molestias quia aliquam est.'),
(88, 82, 'Size', 'Illum perferendis sed.'),
(89, 83, 'Ages', 'Atque praesentium recusandae et.'),
(90, 2, 'Material', 'Officiis cupiditate modi et.'),
(91, 6, 'Pieces', 'Aut possimus impedit excepturi est.'),
(92, 73, 'Size', 'Ducimus alias dolores.'),
(93, 38, 'Ages', 'Non neque.'),
(94, 81, 'Pieces', 'Est modi unde.'),
(95, 79, 'Material', 'Omnis dicta voluptatem.'),
(96, 57, 'Ages', 'Quo asperiores dolorum.'),
(97, 8, 'Size', 'Eligendi quasi adipisci.'),
(98, 37, 'Color', 'Consequuntur non debitis ut.'),
(99, 69, 'Material', 'Quo eos sed.'),
(100, 20, 'Ages', 'Est aut laudantium.'),
(101, 4, 'Material', 'Non ut sunt.'),
(102, 58, 'Color', 'Laudantium nobis mollitia ex.'),
(103, 48, 'Color', 'Sint voluptas deserunt facilis.'),
(104, 27, 'Pieces', 'Vitae eligendi suscipit quia non.'),
(105, 63, 'Pieces', 'Qui quia quia.'),
(106, 46, 'Size', 'Minima sit nam quod.'),
(107, 93, 'Ages', 'Non soluta aut qui.'),
(108, 10, 'Material', 'Sint est necessitatibus.'),
(109, 45, 'Pieces', 'Fugit mollitia non dolorem.'),
(110, 69, 'Pieces', 'Porro quia assumenda ut.'),
(111, 35, 'Pieces', 'Aperiam sint facere.'),
(112, 96, 'Ages', 'Aut inventore.'),
(113, 38, 'Material', 'Deserunt reprehenderit aliquam.'),
(114, 47, 'Pieces', 'Libero nihil consectetur tempora.'),
(115, 85, 'Size', 'Libero quibusdam nobis.'),
(116, 26, 'Pieces', 'Dolor autem itaque voluptas id.'),
(117, 76, 'Ages', 'Non est non.'),
(118, 32, 'Pieces', 'Vel ut ab natus.'),
(119, 21, 'Size', 'Neque sed.'),
(120, 93, 'Size', 'Vel adipisci nisi aut.'),
(121, 39, 'Material', 'Est quae quia.'),
(122, 35, 'Size', 'Labore eligendi dolorem at.'),
(123, 78, 'Color', 'Necessitatibus autem quia fuga.'),
(124, 92, 'Color', 'Sit illum et est labore.'),
(125, 46, 'Material', 'Qui excepturi autem.'),
(126, 16, 'Ages', 'Officiis rerum eos.'),
(127, 85, 'Size', 'Repellat magni accusantium.'),
(128, 45, 'Ages', 'Sed aut beatae.'),
(129, 40, 'Size', 'Ex cupiditate libero.'),
(130, 9, 'Size', 'Suscipit cupiditate impedit.'),
(131, 29, 'Pieces', 'Magnam vel quidem cupiditate.'),
(132, 51, 'Size', 'Adipisci culpa molestiae est facere.'),
(133, 58, 'Color', 'Occaecati maxime sunt.'),
(134, 16, 'Color', 'Laborum itaque enim.'),
(135, 78, 'Size', 'Enim minima suscipit ut.'),
(136, 34, 'Color', 'Adipisci voluptas et.'),
(137, 42, 'Material', 'Eos assumenda ut facere.'),
(138, 63, 'Color', 'Consequuntur reprehenderit rerum perspiciatis laudantium.'),
(139, 34, 'Pieces', 'Rerum odit libero.'),
(140, 20, 'Ages', 'Assumenda labore omnis autem doloribus.'),
(141, 38, 'Pieces', 'Non maiores a velit.'),
(142, 19, 'Material', 'Commodi nihil sed voluptate voluptatem.'),
(143, 43, 'Ages', 'Quam labore non.'),
(144, 83, 'Size', 'Eum provident voluptas.'),
(145, 59, 'Ages', 'Rerum quia est.'),
(146, 80, 'Color', 'Autem officia ipsa natus.'),
(147, 25, 'Color', 'Eos iste voluptatem ab.'),
(148, 14, 'Color', 'Aut et rem minus.'),
(149, 75, 'Pieces', 'Deserunt eos.'),
(150, 11, 'Size', 'Nihil totam porro.'),
(151, 56, 'Color', 'Necessitatibus sequi itaque.'),
(152, 17, 'Pieces', 'Architecto et quas aut.'),
(153, 99, 'Material', 'Assumenda voluptas non.'),
(154, 74, 'Color', 'Beatae et nemo modi.'),
(155, 85, 'Color', 'Ducimus magnam enim natus.'),
(156, 88, 'Size', 'Repellendus numquam et.'),
(157, 87, 'Ages', 'Quam asperiores.'),
(158, 83, 'Ages', 'Sequi labore ipsa magnam est.'),
(159, 62, 'Pieces', 'Porro necessitatibus illo.'),
(160, 35, 'Color', 'Et reprehenderit aliquid eaque.'),
(161, 16, 'Color', 'Possimus earum ut nobis.'),
(162, 87, 'Color', 'Quis consequatur magni.'),
(163, 45, 'Ages', 'Nihil soluta illum.'),
(164, 76, 'Size', 'Dolores quidem tempore rerum.'),
(165, 52, 'Size', 'Maiores quis sed occaecati dolor.'),
(166, 100, 'Material', 'Est neque ut corrupti.'),
(167, 29, 'Ages', 'Explicabo consequuntur in.'),
(168, 76, 'Material', 'Provident aperiam.'),
(169, 85, 'Material', 'Corrupti omnis deserunt.'),
(170, 81, 'Ages', 'Repellat nihil ut.'),
(171, 24, 'Size', 'Nemo corporis et vero.'),
(172, 70, 'Size', 'Odio voluptas.'),
(173, 24, 'Color', 'Cupiditate nostrum illo.'),
(174, 89, 'Pieces', 'Odit dolores cumque.'),
(175, 76, 'Ages', 'Est voluptates cum.'),
(176, 18, 'Size', 'Rerum quidem.'),
(177, 4, 'Size', 'Ab reiciendis itaque.'),
(178, 93, 'Size', 'Quia sit totam.'),
(179, 89, 'Ages', 'Vero et.'),
(180, 38, 'Size', 'Fugit architecto pariatur.'),
(181, 10, 'Size', 'Voluptatem tempora sint.'),
(182, 71, 'Pieces', 'Velit voluptas nobis.'),
(183, 69, 'Ages', 'Aut amet est fugit.'),
(184, 6, 'Ages', 'Praesentium recusandae non.'),
(185, 30, 'Material', 'Quae necessitatibus pariatur deleniti.'),
(186, 9, 'Color', 'Iste iusto soluta non.'),
(187, 100, 'Ages', 'Eius aut qui quia.'),
(188, 76, 'Pieces', 'Dolorem distinctio dolor.'),
(189, 33, 'Pieces', 'Expedita dolore qui.'),
(190, 20, 'Size', 'Molestiae deserunt error quidem.'),
(191, 4, 'Pieces', 'Consequatur et et asperiores.'),
(192, 48, 'Ages', 'Aliquid impedit ratione minima.'),
(193, 58, 'Color', 'Soluta et eius.'),
(194, 60, 'Color', 'Aut nihil est est.'),
(195, 85, 'Material', 'Libero a soluta.'),
(196, 41, 'Pieces', 'Reiciendis natus.'),
(197, 85, 'Color', 'Aut distinctio natus.'),
(198, 44, 'Pieces', 'Ducimus quia tempora.'),
(199, 27, 'Pieces', 'Et laboriosam quae quam.'),
(200, 97, 'Size', 'Sint eaque enim esse.'),
(201, 77, 'Color', 'Quaerat odit blanditiis officiis.'),
(202, 20, 'Color', 'Nam rerum magni.'),
(203, 61, 'Color', 'Nostrum doloribus vero.'),
(204, 98, 'Pieces', 'Et quidem odit dolores.'),
(205, 88, 'Material', 'Placeat dolor reprehenderit quo.'),
(206, 96, 'Pieces', 'Vel consequatur laboriosam laboriosam fugit.'),
(207, 24, 'Material', 'Laboriosam aliquam dolor ab assumenda.'),
(208, 19, 'Size', 'Velit nam earum sed.'),
(209, 5, 'Ages', 'Animi minus blanditiis cupiditate.'),
(210, 12, 'Pieces', 'Possimus suscipit eligendi.'),
(211, 25, 'Ages', 'Minus nisi placeat eveniet.'),
(212, 26, 'Ages', 'Voluptatem in sunt quis.'),
(213, 69, 'Size', 'Beatae labore distinctio fugiat.'),
(214, 97, 'Pieces', 'Accusamus dolore libero.'),
(215, 37, 'Material', 'Dolorem sed sed.'),
(216, 40, 'Color', 'Excepturi laborum nihil earum.'),
(217, 9, 'Material', 'Fugiat incidunt quo.'),
(218, 77, 'Material', 'Qui qui ut ipsa.'),
(219, 21, 'Pieces', 'Ea minima.'),
(220, 88, 'Pieces', 'Nihil quod autem consequatur.'),
(221, 37, 'Pieces', 'Eos in velit.'),
(222, 72, 'Ages', 'Quod vero.'),
(223, 19, 'Pieces', 'Omnis consequatur itaque sed.'),
(224, 59, 'Color', 'Et et est.'),
(225, 11, 'Size', 'Inventore illum nesciunt omnis.'),
(226, 93, 'Pieces', 'Beatae vitae perspiciatis eius.'),
(227, 91, 'Size', 'Aut quaerat sit.'),
(228, 12, 'Size', 'Qui dicta rerum odit.'),
(229, 89, 'Material', 'Quia id iste voluptas.'),
(230, 28, 'Ages', 'Itaque voluptas temporibus.'),
(231, 89, 'Ages', 'Perferendis enim nisi vel.'),
(232, 45, 'Color', 'Numquam ab dolor voluptas.'),
(233, 62, 'Pieces', 'Odio maiores aut quas aspernatur.'),
(234, 95, 'Pieces', 'Neque natus in quidem.'),
(235, 7, 'Material', 'Praesentium odit aliquid.'),
(236, 5, 'Color', 'Aut ipsa.'),
(237, 82, 'Size', 'Eos magnam suscipit est.'),
(238, 87, 'Size', 'Iste consequuntur laborum.'),
(239, 74, 'Color', 'Repellat mollitia et molestiae.'),
(240, 42, 'Ages', 'Soluta voluptate adipisci.'),
(241, 16, 'Pieces', 'Consequatur sed fuga.'),
(242, 34, 'Pieces', 'Et eum sequi nemo.'),
(243, 24, 'Color', 'Amet rem maxime ratione.'),
(244, 46, 'Material', 'Est voluptas ut voluptas.'),
(245, 19, 'Material', 'Accusamus dolorem qui sunt.'),
(246, 20, 'Color', 'Quae voluptatum natus.'),
(247, 30, 'Material', 'Neque error temporibus.'),
(248, 92, 'Ages', 'Ut mollitia odio.'),
(249, 64, 'Pieces', 'Aut quidem ut.'),
(250, 58, 'Pieces', 'Enim quibusdam sit repellendus.'),
(251, 9, 'Ages', 'Neque autem numquam architecto.'),
(252, 3, 'Material', 'Ea quaerat dignissimos ipsum.'),
(253, 97, 'Size', 'Assumenda enim voluptas earum.'),
(254, 69, 'Ages', 'Ratione explicabo et consequatur.'),
(255, 39, 'Pieces', 'Aut nihil quia.'),
(256, 99, 'Color', 'Rerum quasi omnis doloremque.'),
(257, 5, 'Ages', 'Voluptas ducimus est.'),
(258, 16, 'Material', 'Ea ad dolor sapiente explicabo.'),
(259, 17, 'Size', 'Incidunt voluptatem sunt aliquam.'),
(260, 70, 'Ages', 'Deleniti consequatur qui qui.'),
(261, 77, 'Color', 'Neque quasi ut natus.'),
(262, 66, 'Size', 'Molestias quaerat perferendis ut.'),
(263, 79, 'Material', 'Enim quis est facere.'),
(264, 54, 'Pieces', 'Commodi quis.'),
(265, 54, 'Ages', 'Doloremque in distinctio deleniti.'),
(266, 3, 'Size', 'Vero sit velit iusto iste.'),
(267, 18, 'Size', 'Eaque quidem.'),
(268, 58, 'Color', 'Illum ut minima.'),
(269, 4, 'Material', 'Voluptates ducimus.'),
(270, 85, 'Material', 'Eos occaecati.'),
(271, 15, 'Pieces', 'Voluptas voluptas aut.'),
(272, 41, 'Size', 'Quod illum itaque est.'),
(273, 55, 'Color', 'Impedit eos ut quidem.'),
(274, 62, 'Material', 'Eius sit dolorem itaque.'),
(275, 28, 'Pieces', 'Exercitationem aliquid nihil tempora.'),
(276, 5, 'Material', 'Fugit quia ut dolorem.'),
(277, 2, 'Pieces', 'Numquam voluptas impedit.'),
(278, 70, 'Material', 'Repellendus sit inventore deleniti.'),
(279, 17, 'Color', 'Et error in mollitia.'),
(280, 63, 'Ages', 'Aut id minus tempore.'),
(281, 1, 'Material', 'Harum vel sit iste et.'),
(282, 87, 'Color', 'Sunt cum et hic.'),
(283, 81, 'Material', 'Eveniet laudantium qui.'),
(284, 82, 'Material', 'Fuga a nobis.'),
(285, 70, 'Material', 'Nemo assumenda vero.'),
(286, 10, 'Color', 'Quia repellat.'),
(287, 86, 'Material', 'Perspiciatis enim.'),
(288, 75, 'Pieces', 'Quia officia omnis.'),
(289, 82, 'Color', 'Laborum quo eos et sunt.'),
(290, 26, 'Material', 'Et sit ipsam illum voluptate.'),
(291, 89, 'Material', 'Laudantium molestias fugiat optio.'),
(292, 100, 'Ages', 'Eaque aspernatur quod.'),
(293, 10, 'Pieces', 'Vitae est quaerat.'),
(294, 80, 'Size', 'Consequatur molestias quod et.'),
(295, 12, 'Pieces', 'Sit ullam sapiente sed sapiente.'),
(296, 81, 'Material', 'Iusto et consequatur.'),
(297, 19, 'Color', 'Iure ducimus perferendis quis.'),
(298, 6, 'Size', 'Maxime ea quae.'),
(299, 62, 'Material', 'Quae magni esse.'),
(300, 21, 'Color', 'Et laboriosam voluptatibus veniam.');

-- --------------------------------------------------------

--
-- Table structure for table `product_images`
--

CREATE TABLE IF NOT EXISTS `product_images` (
  `id` int(11) NOT NULL AUTO_INCREMENT,
  `id_product` int(11) NOT NULL,
  `img` varchar(255) COLLATE utf8_unicode_ci NOT NULL,
  `main` enum('0','1') COLLATE utf8_unicode_ci DEFAULT NULL,
  PRIMARY KEY (`id`),
  KEY `id_product` (`id_product`)
) ENGINE=InnoDB  DEFAULT CHARSET=utf8 COLLATE=utf8_unicode_ci AUTO_INCREMENT=307 ;

--
-- Dumping data for table `product_images`
--

INSERT INTO `product_images` (`id`, `id_product`, `img`, `main`) VALUES
(1, 1, 'this is main picture for lego #1', '1'),
(2, 2, 'this is main picture for lego #2', '0'),
(3, 1, 'this is picture 2 for lego #1', '0'),
(4, 1, 'this is picture 3 for lego #1', '0'),
(5, 2, 'this is picture 2 for lego #2', '0'),
(6, 2, 'this is picture 3 for lego #2', '0'),
(7, 68, 'HAVE tasted an arm a.', '1'),
(8, 98, 'The table as she could,.', '0'),
(9, 67, 'Alice indignantly. ''Ah!.', '0'),
(10, 57, 'Good-bye, feet!'' (for.', '0'),
(11, 21, 'The Queen ordering.', '0'),
(12, 60, 'Kings and the soldiers.', '1'),
(13, 36, 'White Rabbit hurried.', '1'),
(14, 4, 'Duchess, as if it off..', '1'),
(15, 32, 'King. ''Nearly two.', '1'),
(16, 95, 'With no time she should.', '0'),
(17, 64, 'Alice, and crossed her.', '0'),
(18, 32, 'Gryphon. ''It proves.', '0'),
(19, 80, 'Queen, turning to ask.', '0'),
(20, 73, 'Alice, so she tried.', '0'),
(21, 47, 'I--'' ''Oh, a thing Mock.', '0'),
(22, 100, 'Alice as the distance.', '0'),
(23, 84, 'The King said Alice in.', '1'),
(24, 95, 'Ann! Mary Ann!'' said.', '0'),
(25, 27, 'The Duchess asked, with.', '0'),
(26, 65, 'Rabbit read the poor.', '0'),
(27, 65, 'YOUR watch out of.', '1'),
(28, 42, 'He looked at the.', '0'),
(29, 87, 'Queen furiously,.', '0'),
(30, 96, 'Alice. ''And what.', '1'),
(31, 5, 'Writhing, of tiny hands.', '0'),
(32, 3, 'Bill! the Caterpillar..', '0'),
(33, 27, 'I''m not looking down.', '0'),
(34, 43, 'THESE?'' said Alice,.', '0'),
(35, 1, 'I!'' said the next.', '0'),
(36, 58, 'Soon her neck kept.', '0'),
(37, 69, 'Just as yet.'' ''A.', '0'),
(38, 4, 'I do,'' said the Gryphon.', '0'),
(39, 39, 'CHAPTER II. The Knave.', '0'),
(40, 59, 'March Hare took the.', '0'),
(41, 52, 'Gryphon repeated.', '1'),
(42, 15, 'Stretching, and in.', '0'),
(43, 60, 'Alice; but at the.', '0'),
(44, 84, 'And I almost certain to.', '0'),
(45, 20, 'Alice, and she must be.', '0'),
(46, 85, 'Dinn may not otherwise.', '1'),
(47, 65, 'Majesty means, of that.', '0'),
(48, 92, 'Hatter asked in sight,.', '0'),
(49, 23, 'Forty-two. ALL PERSONS.', '1'),
(50, 13, 'They had not like a.', '0'),
(51, 74, 'Alice watched the game.', '0'),
(52, 48, 'The twelve jurors were.', '1'),
(53, 19, 'Knave did not get in.', '1'),
(54, 15, 'It''s the hookah into.', '1'),
(55, 21, 'Alice tried to the very.', '0'),
(56, 73, 'Alice remained the.', '0'),
(57, 43, 'White Rabbit; ''in fact,.', '0'),
(58, 30, 'YOU with a low curtain.', '0'),
(59, 76, 'The Duchess said this,.', '0'),
(60, 11, 'Mock Turtle, and the.', '0'),
(61, 68, 'I''ll try if he turn or.', '0'),
(62, 70, 'I''ve got up, and round.', '1'),
(63, 40, 'I''ll just time busily.', '0'),
(64, 51, 'Alice asked. ''That.', '0'),
(65, 30, 'Alice looked at her.', '0'),
(66, 83, 'Dormouse out of a pack.', '0'),
(67, 33, 'Alice. ''I''m sure to.', '0'),
(68, 9, 'Come on!'' Alice did not.', '0'),
(69, 10, 'Who would be all this.', '0'),
(70, 72, 'Latin Grammar, ''A fine.', '1'),
(71, 40, 'The first saw Alice.', '0'),
(72, 44, 'Beautiful, beautiful.', '0'),
(73, 51, 'Alice. ''Only a minute,.', '0'),
(74, 89, 'Majesty,'' the second.', '0'),
(75, 74, 'Queen''s ears--'' the.', '0'),
(76, 18, 'Alice, ''when one of.', '0'),
(77, 80, 'Alice''s head. ''Is that.', '1'),
(78, 14, 'Magpie began picking.', '0'),
(79, 38, 'And pour the words.', '0'),
(80, 16, 'CHAPTER II. The next.', '0'),
(81, 32, 'Alice noticed Alice,.', '0'),
(82, 44, 'While she had finished..', '0'),
(83, 4, 'Alice dear!'' said.', '0'),
(84, 79, 'IN the Gryphon. ''They.', '0'),
(85, 66, 'Just then hurried.', '0'),
(86, 95, 'Geography. London is.', '0'),
(87, 90, 'YOUR table,'' said the.', '0'),
(88, 30, 'It''s high time he did.', '1'),
(89, 63, 'Alice said the sage, as.', '0'),
(90, 18, 'I wish people live in a.', '0'),
(91, 3, 'All the Lizard in a.', '0'),
(92, 87, 'Dodo solemnly presented.', '0'),
(93, 85, 'He had you ought to.', '0'),
(94, 81, 'I growl when she could,.', '0'),
(95, 48, 'I''ll take him in a.', '0'),
(96, 9, 'They were three blasts.', '1'),
(97, 51, 'Alice: ''she''s so used.', '1'),
(98, 56, 'Pray, what a tone of.', '1'),
(99, 16, 'I grow here,'' thought.', '1'),
(100, 17, 'Alice recognised the.', '0'),
(101, 47, 'So Alice was quite sure.', '1'),
(102, 22, 'Pigeon; ''but why it''s.', '0'),
(103, 5, 'NOT marked ''poison,'' so.', '0'),
(104, 90, 'But she decided tone:.', '1'),
(105, 54, 'I''m I, and--oh dear,.', '1'),
(106, 10, 'Don''t let him.', '0'),
(107, 18, 'I breathe"!'' ''It.', '0'),
(108, 48, 'It looked good-natured,.', '0'),
(109, 48, 'As she began sneezing.', '0'),
(110, 91, 'There was the Gryphon.', '1'),
(111, 35, 'And concluded the.', '1'),
(112, 28, 'Mock Turtle. ''Certainly.', '0'),
(113, 95, 'She had ordered. They.', '0'),
(114, 35, 'Alice to put on.', '0'),
(115, 98, 'Prizes!'' Alice found.', '1'),
(116, 16, 'White Rabbit in chorus,.', '0'),
(117, 10, 'I have been annoyed,''.', '1'),
(118, 94, 'French mouse, come.', '0'),
(119, 94, 'I don''t think--'' ''Then.', '0'),
(120, 35, 'I''ll have no time! Take.', '0'),
(121, 73, 'And they had been.', '0'),
(122, 73, 'You MUST have been of.', '0'),
(123, 54, 'Alice. ''I haven''t the.', '0'),
(124, 13, 'The King had got a very.', '1'),
(125, 14, 'Mock Turtle said:.', '1'),
(126, 36, 'Alice replied very hot,.', '0'),
(127, 41, 'I do to Alice: ''three.', '0'),
(128, 38, 'Gryphon, with a little.', '1'),
(129, 17, 'First it would go on.', '1'),
(130, 7, 'Puss,'' she tucked away,.', '0'),
(131, 97, 'WATCH OUT OF ITS.', '1'),
(132, 27, 'Don''t be collected.', '0'),
(133, 43, 'The Footman remarked,.', '1'),
(134, 2, 'Alice herself, and.', '0'),
(135, 88, 'The Dormouse shook.', '1'),
(136, 88, 'Alice as she could.', '0'),
(137, 10, 'I shall ever so VERY.', '0'),
(138, 89, 'NO mistake about in.', '1'),
(139, 12, 'Alice as the thimble,.', '1'),
(140, 51, 'YOU?'' Which brought it.', '0'),
(141, 6, 'So they HAVE their.', '1'),
(142, 22, 'Turn that the next.', '0'),
(143, 87, 'YOU with the look up.', '0'),
(144, 44, 'Yet you how glad they.', '1'),
(145, 73, 'Tortoise--'' ''Why with.', '0'),
(146, 55, 'SAID was, that it.', '1'),
(147, 12, 'Mock Turtle,.', '0'),
(148, 3, 'So she swallowed one.', '1'),
(149, 41, 'Table doesn''t tell.', '1'),
(150, 63, 'Ann! Mary Ann!'' said.', '1'),
(151, 77, 'Do you can hardly know,.', '1'),
(152, 76, 'There ought to.', '1'),
(153, 63, 'Paris, and then, ''we.', '0'),
(154, 32, 'Now I must be seen: she.', '0'),
(155, 44, 'I''ll never saw her,.', '0'),
(156, 58, 'Queen, and this time..', '0'),
(157, 15, 'I shall tell what would.', '0'),
(158, 26, 'I''ve got so severely as.', '1'),
(159, 70, 'I''m talking!'' Just then.', '0'),
(160, 62, 'Alice appeared, and.', '0'),
(161, 20, 'Alice. ''I''ve read that.', '1'),
(162, 51, 'She said nothing; she.', '0'),
(163, 63, 'Oh dear, how did not so.', '0'),
(164, 24, 'WAS a frying-pan after.', '1'),
(165, 83, 'Father William,'' the.', '1'),
(166, 2, 'I sleep" is of Hearts,.', '1'),
(167, 69, 'One,'' said the waving.', '0'),
(168, 86, 'White Rabbit, who had.', '0'),
(169, 86, 'And she should like a.', '0'),
(170, 53, 'WOULD not sneeze, were.', '1'),
(171, 92, 'Alice. ''And now and.', '0'),
(172, 78, 'I could not easy to.', '1'),
(173, 33, 'I know!'' exclaimed.', '0'),
(174, 78, 'Nobody moved. ''Who are.', '0'),
(175, 82, 'Alice thought about.', '1'),
(176, 93, 'King said the.', '1'),
(177, 32, 'Alice. ''I''m afraid I.', '0'),
(178, 85, 'Pigeon had never left.', '0'),
(179, 69, 'William''s conduct at.', '1'),
(180, 94, 'King said Alice could.', '1'),
(181, 85, 'Alice to herself, as.', '0'),
(182, 8, 'Hatter. ''I deny it!''.', '0'),
(183, 6, 'But I''d taken into its.', '0'),
(184, 40, 'Rabbit read:-- ''They.', '0'),
(185, 95, 'Queen''s ears--'' the.', '1'),
(186, 22, 'When the Duck. ''Found.', '1'),
(187, 20, 'As she bore it.', '0'),
(188, 8, 'Alice; and on it, old.', '1'),
(189, 77, 'Will you, won''t walk.', '0'),
(190, 13, 'Duchess: ''and hand.', '0'),
(191, 46, 'Time!'' ''Perhaps not,''.', '1'),
(192, 18, 'Come on!'' Alice didn''t.', '0'),
(193, 86, 'Trims his flappers,.', '0'),
(194, 7, 'Alice. ''Well, I mean.', '0'),
(195, 94, 'Bill! I almost wish I''d.', '0'),
(196, 75, 'Alice, were lying round.', '0'),
(197, 15, 'Turtle, suddenly called.', '0'),
(198, 85, 'I had finished the.', '0'),
(199, 57, 'King was evidently.', '1'),
(200, 73, 'The Queen!'' and D,'' she.', '0'),
(201, 72, 'King, the night? Let me.', '0'),
(202, 39, 'And pour the.', '1'),
(203, 64, 'While she was VERY much.', '1'),
(204, 47, 'Alice ventured to pass.', '0'),
(205, 62, 'Never heard it over at.', '0'),
(206, 45, 'Dormouse shook the list.', '0'),
(207, 33, 'I can''t take him.', '1'),
(208, 86, 'Dormouse shall!'' they.', '0'),
(209, 52, 'Queen?'' said Alice.', '0'),
(210, 99, 'Alice in the Hatter,.', '1'),
(211, 37, 'Queen of the little.', '1'),
(212, 67, 'Shall I got their.', '1'),
(213, 50, 'Dodo could remember it.', '0'),
(214, 81, 'Mock Turtle: ''why, if.', '1'),
(215, 2, 'The miserable Mock.', '0'),
(216, 48, 'Queen. ''Well, I am I.', '0'),
(217, 28, 'Alice as it was: she.', '0'),
(218, 25, 'I''m better ask them.', '1'),
(219, 84, 'Alice, ''how am older.', '0'),
(220, 40, 'Oh, my shoulders got.', '1'),
(221, 80, 'After a great puzzle!''.', '0'),
(222, 62, 'After these were.', '1'),
(223, 100, 'No, no! You''re a very.', '1'),
(224, 87, 'Alice could tell you.', '1'),
(225, 80, 'Dodo, a tone of them.', '1'),
(226, 20, 'Duchess asked, with a.', '0'),
(227, 61, 'White Rabbit came.', '1'),
(228, 23, 'Alice looked up, and.', '0'),
(229, 98, 'First, however, she.', '0'),
(230, 21, 'White Rabbit started to.', '1'),
(231, 35, 'I COULD grin.'' ''They.', '0'),
(232, 31, 'And have no doubt: only.', '1'),
(233, 74, 'RABBIT'' engraved upon.', '1'),
(234, 83, 'I''m NOT be punished for.', '0'),
(235, 65, 'The only rustling in a.', '0'),
(236, 58, 'His voice to take this.', '1'),
(237, 35, 'Lory. Alice with.', '0'),
(238, 23, 'The pepper in the Queen.', '0'),
(239, 34, 'They were the soldiers.', '1'),
(240, 57, 'Gryphon never knew that.', '0'),
(241, 49, 'Some of changes she.', '1'),
(242, 18, 'Mock Turtle.', '0'),
(243, 86, 'All the whiting!'' ''Oh,.', '1'),
(244, 42, 'I eat one foot. ''Get to.', '0'),
(245, 18, 'She had closed eyes,.', '0'),
(246, 75, 'VI. Pig and that''s a.', '1'),
(247, 54, 'Gryphon, and she was.', '0'),
(248, 29, 'March Hare, who was so.', '1'),
(249, 71, 'Queen. ''It WAS a little.', '1'),
(250, 38, 'There was going on.', '0'),
(251, 92, 'Alice, in a little, and.', '1'),
(252, 13, 'I don''t understand..', '0'),
(253, 73, 'I can listen to say.', '1'),
(254, 7, 'The Mock Turtle''s Story.', '1'),
(255, 83, 'I know is, it was her.', '0'),
(256, 45, 'In a week: HE taught.', '0'),
(257, 3, 'But the White Rabbit;.', '0'),
(258, 5, 'Off--'' ''Nonsense!'' said.', '1'),
(259, 73, 'Mock Turtle would be.', '0'),
(260, 42, 'March Hare said to talk.', '0'),
(261, 87, 'I did: there''s hardly.', '0'),
(262, 95, 'They were learning to.', '0'),
(263, 49, 'I''m here! It''ll be.', '0'),
(264, 14, 'English. ''I passed by.', '0'),
(265, 92, 'White Rabbit coming.', '0'),
(266, 6, 'She soon made out the.', '0'),
(267, 31, 'Hatter trembled so,.', '0'),
(268, 98, 'Five! Always lay far we.', '0'),
(269, 30, 'WHAT?'' thought to about.', '0'),
(270, 68, 'Alice. ''You are,'' said.', '0'),
(271, 59, 'And mentioned before,.', '1'),
(272, 11, 'THIS FIT--" you were.', '1'),
(273, 76, 'Beautiful, beautiful.', '0'),
(274, 25, 'Dormouse began running.', '0'),
(275, 90, 'King say "HOW DOTH THE.', '0'),
(276, 27, 'Rabbit blew three.', '0'),
(277, 54, 'Hatter, and she put his.', '0'),
(278, 18, 'IT. It''s always.', '1'),
(279, 27, 'Yet you know what I.', '1'),
(280, 96, 'Alice, as follows:--.', '0'),
(281, 45, 'Yet you all wrote it.', '1'),
(282, 84, 'Trims his voice..', '0'),
(283, 20, 'Then followed her own.', '0'),
(284, 64, 'She stretched her.', '0'),
(285, 30, 'Dormouse is this time,''.', '0'),
(286, 28, 'Duck. ''Found WHAT?''.', '1'),
(287, 91, 'Footman continued as.', '0'),
(288, 1, 'White Rabbit, ''and the.', '0'),
(289, 66, 'Alice with its full of.', '1'),
(290, 40, 'The poor speaker,'' said.', '0'),
(291, 63, 'Alice, who always.', '0'),
(292, 82, 'I suppose That your.', '0'),
(293, 77, 'But they began with.', '0'),
(294, 9, 'Ugh, Serpent!'' ''But.', '0'),
(295, 13, 'Alice said to come, or.', '0'),
(296, 14, 'Magpie began singing a.', '0'),
(297, 87, 'Suppress him! Pinch.', '0'),
(298, 2, 'Queen to put on the.', '0'),
(299, 40, 'Tears ''Curiouser and.', '0'),
(300, 50, 'Gryphon. ''It WAS when.', '1'),
(301, 83, 'It sounded quite a very.', '0'),
(302, 42, 'Queen, tossing his.', '1'),
(303, 41, 'Soup, so small ones.', '0'),
(304, 44, 'I never done by talking.', '0'),
(305, 79, 'I''ll just in a funny.', '1'),
(306, 95, 'And she turned crimson.', '0');

/*!40101 SET CHARACTER_SET_CLIENT=@OLD_CHARACTER_SET_CLIENT */;
/*!40101 SET CHARACTER_SET_RESULTS=@OLD_CHARACTER_SET_RESULTS */;
/*!40101 SET COLLATION_CONNECTION=@OLD_COLLATION_CONNECTION */;
